{"assets/images/kpiCardNegativeGraph.png":["assets/images/kpiCardNegativeGraph.png"],"assets/images/kpiCardPositiveGraph.png":["assets/images/kpiCardPositiveGraph.png"],"assets/images/mobility_one_logo.svg":["assets/images/mobility_one_logo.svg"],"assets/images/notification_button.svg":["assets/images/notification_button.svg"],"assets/images/profile.svg":["assets/images/profile.svg"],"assets/images/search_button.svg":["assets/images/search_button.svg"],"assets/images/settings_button.svg":["assets/images/settings_button.svg"],"packages/cupertino_icons/assets/CupertinoIcons.ttf":["packages/cupertino_icons/assets/CupertinoIcons.ttf"]}